{
  "FilterHeaders": [
    {
      "Header": "user-agent",
      "IncludeInScript": false
    },
    {
      "Header": "cache-control",
      "IncludeInScript": false
    },
    {
      "Header": "accept-language",
      "IncludeInScript": false
    },
    {
      "Header": "accept-encoding",
      "IncludeInScript": false
    },
    {
      "Header": "accept",
      "IncludeInScript": false
    }
  ],
  "FilterResources": [
    {
      "IsNonResource": true,
      "type": "text/html"
    },
    {
      "IsNonResource": false,
      "type": "text/css"
    },
    {
      "IsNonResource": false,
      "type": "image/svg+xml"
    },
    {
      "IsNonResource": false,
      "type": "image/gif"
    }
  ],
  "GeneralInfo": {
    "BrowserVersion": "",
    "IsWinInetMode": false,
    "MaxUsedConnections": 7,
    "RecordedBrowser": "Internet Explorer",
    "RecordingDate": "авг-15-2024",
    "RecordingDuration": 116734,
    "RecordingMode": "N/A",
    "RecordingTimeStamp": 1723703121,
    "RecordingType": "Browser",
    "TotalBytesReceived": 63956,
    "TotalBytesSent": 10390,
    "TotalRequests": 24,
    "UserAgent": "Mozilla/5.0 (Windows NT 10.0; WOW64; Trident/7.0; rv:11.0) like Gecko"
  },
  "HostInfo": [
    {
      "DomainName": "octoperf.com",
      "Domains": [
        {
          "HTTPVersion": "HTTP/1.1",
          "IP": "78.46.109.21",
          "IncludeInScript": true,
          "Name": "petstore.octoperf.com",
          "Port": 443,
          "Requests": [
            {
              "CompressionType": "gzip",
              "DataType": "text/html",
              "DownloadTime": 46,
              "EventId": 508,
              "HttpStatus": 200,
              "Size": 1640,
              "URL": "https://petstore.octoperf.com/actions/Catalog.action"
            },
            {
              "CompressionType": "",
              "DataType": "",
              "DownloadTime": 63,
              "EventId": 506,
              "HttpStatus": 302,
              "Size": 0,
              "URL": "https://petstore.octoperf.com/actions/Account.action?signoff="
            },
            {
              "CompressionType": "",
              "DataType": "image/gif",
              "DownloadTime": 47,
              "EventId": 499,
              "HttpStatus": 200,
              "Size": 6161,
              "URL": "https://petstore.octoperf.com/images/banner_dogs.gif"
            },
            {
              "CompressionType": "gzip",
              "DataType": "text/html",
              "DownloadTime": 47,
              "EventId": 495,
              "HttpStatus": 200,
              "Size": 1718,
              "URL": "https://petstore.octoperf.com/actions/Catalog.action"
            },
            {
              "CompressionType": "",
              "DataType": "",
              "DownloadTime": 46,
              "EventId": 493,
              "HttpStatus": 302,
              "Size": 0,
              "URL": "https://petstore.octoperf.com/actions/Account.action"
            },
            {
              "CompressionType": "gzip",
              "DataType": "text/html",
              "DownloadTime": 47,
              "EventId": 481,
              "HttpStatus": 404,
              "Size": 479,
              "URL": "https://petstore.octoperf.com/favicon.ico"
            },
            {
              "CompressionType": "gzip",
              "DataType": "text/html",
              "DownloadTime": 63,
              "EventId": 478,
              "HttpStatus": 200,
              "Size": 1638,
              "URL": "https://petstore.octoperf.com/actions/Account.action;jsessionid=BE4A3989B8369427235F41549B74FE60?signonForm="
            },
            {
              "CompressionType": "gzip",
              "DataType": "text/html",
              "DownloadTime": 47,
              "EventId": 425,
              "HttpStatus": 404,
              "Size": 479,
              "URL": "https://petstore.octoperf.com/favicon.ico"
            },
            {
              "CompressionType": "",
              "DataType": "image/gif",
              "DownloadTime": 62,
              "EventId": 420,
              "HttpStatus": 200,
              "Size": 306,
              "URL": "https://petstore.octoperf.com/images/sm_dogs.gif"
            },
            {
              "CompressionType": "",
              "DataType": "image/gif",
              "DownloadTime": 47,
              "EventId": 412,
              "HttpStatus": 200,
              "Size": 36097,
              "URL": "https://petstore.octoperf.com/images/splash.gif"
            },
            {
              "CompressionType": "",
              "DataType": "image/gif",
              "DownloadTime": 47,
              "EventId": 410,
              "HttpStatus": 200,
              "Size": 46,
              "URL": "https://petstore.octoperf.com/images/separator.gif"
            },
            {
              "CompressionType": "",
              "DataType": "image/gif",
              "DownloadTime": 47,
              "EventId": 406,
              "HttpStatus": 200,
              "Size": 408,
              "URL": "https://petstore.octoperf.com/images/cats_icon.gif"
            },
            {
              "CompressionType": "",
              "DataType": "image/gif",
              "DownloadTime": 47,
              "EventId": 404,
              "HttpStatus": 200,
              "Size": 471,
              "URL": "https://petstore.octoperf.com/images/birds_icon.gif"
            },
            {
              "CompressionType": "",
              "DataType": "image/gif",
              "DownloadTime": 47,
              "EventId": 402,
              "HttpStatus": 200,
              "Size": 669,
              "URL": "https://petstore.octoperf.com/images/reptiles_icon.gif"
            },
            {
              "CompressionType": "",
              "DataType": "image/gif",
              "DownloadTime": 62,
              "EventId": 400,
              "HttpStatus": 200,
              "Size": 1660,
              "URL": "https://petstore.octoperf.com/images/cart.gif"
            },
            {
              "CompressionType": "",
              "DataType": "image/gif",
              "DownloadTime": 62,
              "EventId": 396,
              "HttpStatus": 200,
              "Size": 468,
              "URL": "https://petstore.octoperf.com/images/dogs_icon.gif"
            },
            {
              "CompressionType": "",
              "DataType": "image/gif",
              "DownloadTime": 47,
              "EventId": 394,
              "HttpStatus": 200,
              "Size": 439,
              "URL": "https://petstore.octoperf.com/images/fish_icon.gif"
            },
            {
              "CompressionType": "",
              "DataType": "image/gif",
              "DownloadTime": 47,
              "EventId": 392,
              "HttpStatus": 200,
              "Size": 271,
              "URL": "https://petstore.octoperf.com/images/sm_fish.gif"
            },
            {
              "CompressionType": "",
              "DataType": "image/gif",
              "DownloadTime": 47,
              "EventId": 383,
              "HttpStatus": 200,
              "Size": 251,
              "URL": "https://petstore.octoperf.com/images/sm_birds.gif"
            },
            {
              "CompressionType": "gzip",
              "DataType": "image/svg+xml",
              "DownloadTime": 47,
              "EventId": 381,
              "HttpStatus": 200,
              "Size": 6681,
              "URL": "https://petstore.octoperf.com/images/logo-topbar.svg"
            },
            {
              "CompressionType": "",
              "DataType": "image/gif",
              "DownloadTime": 47,
              "EventId": 377,
              "HttpStatus": 200,
              "Size": 289,
              "URL": "https://petstore.octoperf.com/images/sm_cats.gif"
            },
            {
              "CompressionType": "",
              "DataType": "image/gif",
              "DownloadTime": 47,
              "EventId": 373,
              "HttpStatus": 200,
              "Size": 398,
              "URL": "https://petstore.octoperf.com/images/sm_reptiles.gif"
            },
            {
              "CompressionType": "gzip",
              "DataType": "text/css",
              "DownloadTime": 62,
              "EventId": 364,
              "HttpStatus": 200,
              "Size": 1702,
              "URL": "https://petstore.octoperf.com/css/jpetstore.css"
            },
            {
              "CompressionType": "gzip",
              "DataType": "text/html",
              "DownloadTime": 47,
              "EventId": 355,
              "HttpStatus": 200,
              "Size": 1685,
              "URL": "https://petstore.octoperf.com/actions/Catalog.action"
            }
          ],
          "SSLCipher": "TLS_AES_256_GCM_SHA384",
          "SSLVersion": "TLS1.3"
        }
      ],
      "IncludeInScript": true
    }
  ],
  "WebSocket": {
    "IncludeInScript": false,
    "IsScriptIncludeWebSocket": false
  },
  "NumberOfCorrelations": 2
}